﻿<?xml version="1.0" encoding="utf-8"?>
<!DOCTYPE dotfuscatorMap SYSTEM "http://www.preemptive.com/dotfuscator/dtd/dotfuscatorMap_v1.2.dtd">
<dotfuscatorMap version="1.1">
    <header>
        <timestamp>2016-12-19T15:15:09</timestamp>
        <product version="5.19.1.3091" user="jjkjn lknlkkn" serial="203571-391">Dotfuscator and Analytics Community Edition</product>
    </header>
    <mapping>
        <module>
            <name>Filetracker test.exe</name>
            <type>
                <name>&lt;PrivateImplementationDetails&gt;</name>
                <newname>e</newname>
                <methodlist>
                    <method>
                        <signature>unsigned int32(string)</signature>
                        <name>ComputeStringHash</name>
                        <newname>a</newname>
                    </method>
                </methodlist>
                <fieldlist />
                <propertylist />
                <eventlist />
            </type>
            <type>
                <name>Directories</name>
                <methodlist>
                    <method>
                        <signature>void()</signature>
                        <name>.cctor</name>
                    </method>
                    <method>
                        <signature>void(string)</signature>
                        <name>add</name>
                    </method>
                    <method>
                        <signature>void(string)</signature>
                        <name>addScanned</name>
                    </method>
                    <method>
                        <signature>string()</signature>
                        <name>get</name>
                    </method>
                    <method>
                        <signature>string[]()</signature>
                        <name>getErrorInfo</name>
                    </method>
                    <method>
                        <signature>int32()</signature>
                        <name>getErrors</name>
                    </method>
                    <method>
                        <signature>bool(string)</signature>
                        <name>scannedContains</name>
                    </method>
                </methodlist>
                <fieldlist>
                    <field>
                        <signature>int32</signature>
                        <name>Requests</name>
                    </field>
                    <field>
                        <signature>object</signature>
                        <name>_lock</name>
                    </field>
                    <field>
                        <signature>System.Collections.Generic.List`1&lt;string&gt;</signature>
                        <name>directory</name>
                        <newname>a</newname>
                    </field>
                    <field>
                        <signature>System.Collections.Generic.List`1&lt;string[]&gt;</signature>
                        <name>errors</name>
                    </field>
                    <field>
                        <signature>System.DateTime</signature>
                        <name>lastActivity</name>
                    </field>
                    <field>
                        <signature>int32</signature>
                        <name>savedFiles</name>
                    </field>
                    <field>
                        <signature>System.Collections.Generic.List`1&lt;string&gt;</signature>
                        <name>scannedDirectory</name>
                        <newname>b</newname>
                    </field>
                    <field>
                        <signature>int32</signature>
                        <name>totalFiles</name>
                    </field>
                </fieldlist>
                <propertylist />
                <eventlist />
            </type>
            <type>
                <name>Filetracker_test.AuthorizationRules</name>
                <newname>a</newname>
                <methodlist>
                    <method>
                        <signature>void()</signature>
                        <name>.cctor</name>
                    </method>
                    <method>
                        <signature>void(System.IO.FileInfo)</signature>
                        <name>.ctor</name>
                    </method>
                    <method>
                        <signature>System.Security.AccessControl.AuthorizationRuleCollection()</signature>
                        <name>Auth</name>
                        <newname>b</newname>
                    </method>
                    <method>
                        <signature>System.Nullable`1&lt;bool&gt;()</signature>
                        <name>Inheritance</name>
                        <newname>c</newname>
                    </method>
                    <method>
                        <signature>System.Collections.Generic.List`1&lt;Filetracker_test.AuthorizationRules/AccessType&gt;(string)</signature>
                        <name>getAccessTypes</name>
                        <newname>a</newname>
                    </method>
                    <method>
                        <signature>string()</signature>
                        <name>owner</name>
                        <newname>a</newname>
                    </method>
                </methodlist>
                <fieldlist>
                    <field>
                        <signature>System.IO.FileInfo</signature>
                        <name>file</name>
                        <newname>a</newname>
                    </field>
                    <field>
                        <signature>System.Security.Principal.IdentityReference</signature>
                        <name>ownerRef</name>
                        <newname>b</newname>
                    </field>
                    <field>
                        <signature>System.Type</signature>
                        <name>ownerType</name>
                        <newname>c</newname>
                    </field>
                </fieldlist>
                <propertylist />
                <eventlist />
            </type>
            <type>
                <name>Filetracker_test.AuthorizationRules/AccessType</name>
                <newname>a/AccessType</newname>
                <methodlist />
                <fieldlist>
                    <field>
                        <signature>Filetracker_test.AuthorizationRules/AccessType</signature>
                        <name>FullControl</name>
                    </field>
                    <field>
                        <signature>Filetracker_test.AuthorizationRules/AccessType</signature>
                        <name>Modify</name>
                    </field>
                    <field>
                        <signature>Filetracker_test.AuthorizationRules/AccessType</signature>
                        <name>Read</name>
                    </field>
                    <field>
                        <signature>Filetracker_test.AuthorizationRules/AccessType</signature>
                        <name>ReadAndExecute</name>
                    </field>
                    <field>
                        <signature>Filetracker_test.AuthorizationRules/AccessType</signature>
                        <name>SpecialRight</name>
                    </field>
                    <field>
                        <signature>Filetracker_test.AuthorizationRules/AccessType</signature>
                        <name>Write</name>
                    </field>
                    <field>
                        <signature>int32</signature>
                        <name>value__</name>
                    </field>
                </fieldlist>
                <propertylist />
                <eventlist />
            </type>
            <type>
                <name>Filetracker_test.Cryptography</name>
                <newname>b</newname>
                <methodlist>
                    <method>
                        <signature>void(string)</signature>
                        <name>.ctor</name>
                    </method>
                    <method>
                        <signature>string()</signature>
                        <name>toSha1</name>
                        <newname>a</newname>
                    </method>
                </methodlist>
                <fieldlist>
                    <field>
                        <signature>string</signature>
                        <name>data</name>
                        <newname>a</newname>
                    </field>
                </fieldlist>
                <propertylist />
                <eventlist />
            </type>
            <type>
                <name>Filetracker_test.Form1</name>
                <methodlist>
                    <method>
                        <signature>void(string[])</signature>
                        <name>.ctor</name>
                    </method>
                    <method>
                        <signature>void(bool)</signature>
                        <name>Dispose</name>
                    </method>
                    <method>
                        <signature>void(object, System.EventArgs)</signature>
                        <name>Form1_Load</name>
                        <newname>d</newname>
                    </method>
                    <method>
                        <signature>void(object, System.EventArgs)</signature>
                        <name>Form1_SizeChanged</name>
                        <newname>c</newname>
                    </method>
                    <method>
                        <signature>void()</signature>
                        <name>InitializeComponent</name>
                        <newname>a</newname>
                    </method>
                    <method>
                        <signature>void(object, System.EventArgs)</signature>
                        <name>label1_Click</name>
                        <newname>a</newname>
                    </method>
                    <method>
                        <signature>void(object, System.EventArgs)</signature>
                        <name>timer1_Tick</name>
                        <newname>b</newname>
                    </method>
                </methodlist>
                <fieldlist>
                    <field>
                        <signature>System.Windows.Forms.Label</signature>
                        <name>Activitylabel</name>
                        <newname>d</newname>
                    </field>
                    <field>
                        <signature>System.Windows.Forms.Label</signature>
                        <name>Errorlabel</name>
                        <newname>g</newname>
                    </field>
                    <field>
                        <signature>System.Windows.Forms.Label</signature>
                        <name>Filelabel</name>
                        <newname>b</newname>
                    </field>
                    <field>
                        <signature>System.Windows.Forms.Label</signature>
                        <name>Processedlabel</name>
                        <newname>c</newname>
                    </field>
                    <field>
                        <signature>System.Windows.Forms.Label</signature>
                        <name>Savedlabel</name>
                        <newname>e</newname>
                    </field>
                    <field>
                        <signature>System.ComponentModel.IContainer</signature>
                        <name>components</name>
                        <newname>a</newname>
                    </field>
                    <field>
                        <signature>System.Windows.Forms.Label</signature>
                        <name>label1</name>
                        <newname>i</newname>
                    </field>
                    <field>
                        <signature>System.Windows.Forms.LinkLabel</signature>
                        <name>linkLabel1</name>
                        <newname>f</newname>
                    </field>
                    <field>
                        <signature>System.Windows.Forms.Timer</signature>
                        <name>timer1</name>
                        <newname>h</newname>
                    </field>
                </fieldlist>
                <propertylist />
                <eventlist />
            </type>
            <type>
                <name>Filetracker_test.Form1/&lt;&gt;c__DisplayClass0_0</name>
                <newname>Filetracker_test.Form1/a</newname>
                <methodlist>
                    <method>
                        <signature>void()</signature>
                        <name>.ctor</name>
                    </method>
                    <method>
                        <signature>void()</signature>
                        <name>&lt;.ctor&gt;b__0</name>
                        <newname>l</newname>
                    </method>
                </methodlist>
                <fieldlist>
                    <field>
                        <signature>string</signature>
                        <name>Parameter</name>
                        <newname>k</newname>
                    </field>
                    <field>
                        <signature>bool</signature>
                        <name>anonymous</name>
                        <newname>h</newname>
                    </field>
                    <field>
                        <signature>string</signature>
                        <name>changeDate</name>
                        <newname>e</newname>
                    </field>
                    <field>
                        <signature>string</signature>
                        <name>delimiter</name>
                        <newname>f</newname>
                    </field>
                    <field>
                        <signature>string</signature>
                        <name>inPath</name>
                        <newname>a</newname>
                    </field>
                    <field>
                        <signature>int32</signature>
                        <name>maxTime</name>
                        <newname>j</newname>
                    </field>
                    <field>
                        <signature>string</signature>
                        <name>name</name>
                        <newname>c</newname>
                    </field>
                    <field>
                        <signature>string</signature>
                        <name>outPath</name>
                        <newname>b</newname>
                    </field>
                    <field>
                        <signature>string</signature>
                        <name>scanType</name>
                        <newname>d</newname>
                    </field>
                    <field>
                        <signature>int32</signature>
                        <name>streams</name>
                        <newname>i</newname>
                    </field>
                    <field>
                        <signature>string</signature>
                        <name>wrap</name>
                        <newname>g</newname>
                    </field>
                </fieldlist>
                <propertylist />
                <eventlist />
            </type>
            <type>
                <name>Filetracker_test.Program</name>
                <newname>d</newname>
                <methodlist>
                    <method>
                        <signature>void(string[])</signature>
                        <name>Main</name>
                        <newname>a</newname>
                    </method>
                </methodlist>
                <fieldlist />
                <propertylist />
                <eventlist />
            </type>
            <type>
                <name>Filetracker_test.Properties.Resources</name>
                <methodlist>
                    <method>
                        <signature>void()</signature>
                        <name>.ctor</name>
                    </method>
                    <method>
                        <signature>System.Globalization.CultureInfo()</signature>
                        <name>get_Culture</name>
                        <newname>a</newname>
                    </method>
                    <method>
                        <signature>System.Resources.ResourceManager()</signature>
                        <name>get_ResourceManager</name>
                        <newname>b</newname>
                    </method>
                    <method>
                        <signature>void(System.Globalization.CultureInfo)</signature>
                        <name>set_Culture</name>
                        <newname>a</newname>
                    </method>
                </methodlist>
                <fieldlist>
                    <field>
                        <signature>System.Globalization.CultureInfo</signature>
                        <name>resourceCulture</name>
                        <newname>b</newname>
                    </field>
                    <field>
                        <signature>System.Resources.ResourceManager</signature>
                        <name>resourceMan</name>
                        <newname>a</newname>
                    </field>
                </fieldlist>
                <propertylist>
                    <property>
                        <signature>System.Globalization.CultureInfo()</signature>
                        <name>Culture</name>
                    </property>
                    <property>
                        <signature>System.Resources.ResourceManager()</signature>
                        <name>ResourceManager</name>
                    </property>
                </propertylist>
                <eventlist />
            </type>
            <type>
                <name>Filetracker_test.Properties.Settings</name>
                <methodlist>
                    <method>
                        <signature>void()</signature>
                        <name>.cctor</name>
                    </method>
                    <method>
                        <signature>void()</signature>
                        <name>.ctor</name>
                    </method>
                    <method>
                        <signature>Filetracker_test.Properties.Settings()</signature>
                        <name>get_Default</name>
                        <newname>a</newname>
                    </method>
                </methodlist>
                <fieldlist>
                    <field>
                        <signature>Filetracker_test.Properties.Settings</signature>
                        <name>defaultInstance</name>
                        <newname>a</newname>
                    </field>
                </fieldlist>
                <propertylist>
                    <property>
                        <signature>Filetracker_test.Properties.Settings()</signature>
                        <name>Default</name>
                    </property>
                </propertylist>
                <eventlist />
            </type>
            <type>
                <name>Filetracker_test.fileList</name>
                <newname>c</newname>
                <methodlist>
                    <method>
                        <signature>void()</signature>
                        <name>.cctor</name>
                    </method>
                    <method>
                        <signature>void(string, string, string, string, string, string, string, bool, int32, int32, string)</signature>
                        <name>.ctor</name>
                    </method>
                    <method>
                        <signature>void()</signature>
                        <name>&lt;Start&gt;b__25_0</name>
                        <newname>a</newname>
                    </method>
                    <method>
                        <signature>void()</signature>
                        <name>Start</name>
                        <newname>d</newname>
                    </method>
                    <method>
                        <signature>void(string, string)</signature>
                        <name>Write</name>
                        <newname>a</newname>
                    </method>
                    <method>
                        <signature>void(string)</signature>
                        <name>addDirectories</name>
                        <newname>d</newname>
                    </method>
                    <method>
                        <signature>void()</signature>
                        <name>produceFileProtocol</name>
                        <newname>b</newname>
                    </method>
                    <method>
                        <signature>void()</signature>
                        <name>scan</name>
                        <newname>c</newname>
                    </method>
                    <method>
                        <signature>void(string)</signature>
                        <name>scanAll</name>
                        <newname>c</newname>
                    </method>
                    <method>
                        <signature>void(string)</signature>
                        <name>scanFileAccess</name>
                        <newname>a</newname>
                    </method>
                    <method>
                        <signature>void(string)</signature>
                        <name>scanFileList</name>
                        <newname>b</newname>
                    </method>
                </methodlist>
                <fieldlist>
                    <field>
                        <signature>bool</signature>
                        <name>anonymous</name>
                        <newname>k</newname>
                    </field>
                    <field>
                        <signature>System.DateTime</signature>
                        <name>changeDate</name>
                        <newname>j</newname>
                    </field>
                    <field>
                        <signature>string</signature>
                        <name>delimiter</name>
                        <newname>g</newname>
                    </field>
                    <field>
                        <signature>System.DateTime</signature>
                        <name>endTime</name>
                        <newname>t</newname>
                    </field>
                    <field>
                        <signature>string</signature>
                        <name>inDirectory</name>
                        <newname>a</newname>
                    </field>
                    <field>
                        <signature>System.Diagnostics.Stopwatch</signature>
                        <name>initializationWatch</name>
                        <newname>r</newname>
                    </field>
                    <field>
                        <signature>int32</signature>
                        <name>maxTime</name>
                        <newname>p</newname>
                    </field>
                    <field>
                        <signature>string</signature>
                        <name>name</name>
                        <newname>e</newname>
                    </field>
                    <field>
                        <signature>string</signature>
                        <name>outDirectory</name>
                        <newname>b</newname>
                    </field>
                    <field>
                        <signature>string</signature>
                        <name>outFile</name>
                        <newname>c</newname>
                    </field>
                    <field>
                        <signature>bool</signature>
                        <name>outFileExists</name>
                        <newname>l</newname>
                    </field>
                    <field>
                        <signature>string</signature>
                        <name>outFileExtra</name>
                        <newname>d</newname>
                    </field>
                    <field>
                        <signature>bool</signature>
                        <name>outFileExtraExists</name>
                        <newname>m</newname>
                    </field>
                    <field>
                        <signature>string</signature>
                        <name>parameter</name>
                        <newname>h</newname>
                    </field>
                    <field>
                        <signature>bool</signature>
                        <name>protocolProduced</name>
                        <newname>n</newname>
                    </field>
                    <field>
                        <signature>object</signature>
                        <name>rwlAccess</name>
                        <newname>u</newname>
                    </field>
                    <field>
                        <signature>object</signature>
                        <name>rwlFiles</name>
                        <newname>v</newname>
                    </field>
                    <field>
                        <signature>object</signature>
                        <name>rwlProtocol</name>
                        <newname>w</newname>
                    </field>
                    <field>
                        <signature>string</signature>
                        <name>scanType</name>
                        <newname>f</newname>
                    </field>
                    <field>
                        <signature>System.DateTime</signature>
                        <name>startTime</name>
                        <newname>s</newname>
                    </field>
                    <field>
                        <signature>System.Diagnostics.Stopwatch</signature>
                        <name>stopWatch</name>
                        <newname>q</newname>
                    </field>
                    <field>
                        <signature>int32</signature>
                        <name>streams</name>
                        <newname>o</newname>
                    </field>
                    <field>
                        <signature>string</signature>
                        <name>wrap</name>
                        <newname>i</newname>
                    </field>
                </fieldlist>
                <propertylist />
                <eventlist />
            </type>
        </module>
    </mapping>
    <statistics>
        <statisticline>
            <description>Total Classes</description>
            <statistic>11</statistic>
        </statisticline>
        <statisticline>
            <description>Total Methods</description>
            <statistic>44</statistic>
        </statisticline>
        <statisticline>
            <description>Total Fields</description>
            <statistic>65</statistic>
        </statisticline>
        <statisticline>
            <description>Total Properties</description>
            <statistic>3</statistic>
        </statisticline>
        <statisticline>
            <description>Total Events</description>
            <statistic>0</statistic>
        </statisticline>
        <statisticline>
            <description>Total Classes Renamed</description>
            <statistic>7</statistic>
            <statistic>63.64%</statistic>
        </statisticline>
        <statisticline>
            <description>Total Methods Renamed</description>
            <statistic>26</statistic>
            <statistic>59.09%</statistic>
        </statisticline>
        <statisticline>
            <description>Total Fields Renamed</description>
            <statistic>52</statistic>
            <statistic>80.00%</statistic>
        </statisticline>
        <statisticline>
            <description>Total Properties Renamed</description>
            <statistic>0</statistic>
            <statistic>0.00%</statistic>
        </statisticline>
        <statisticline>
            <description>Total Events Renamed</description>
            <statistic>0</statistic>
            <statistic>0.00%</statistic>
        </statisticline>
        <statisticline>
            <description>Methods Renamed to 'a'</description>
            <statistic>13</statistic>
            <statistic>29.55%</statistic>
        </statisticline>
        <statisticline>
            <description>Methods Renamed to 'b'</description>
            <statistic>5</statistic>
            <statistic>11.36%</statistic>
        </statisticline>
        <statisticline>
            <description>Methods Renamed to 'c'</description>
            <statistic>4</statistic>
            <statistic>9.09%</statistic>
        </statisticline>
        <statisticline>
            <description>Methods Renamed to 'd'</description>
            <statistic>3</statistic>
            <statistic>6.82%</statistic>
        </statisticline>
        <statisticline>
            <description>Methods Renamed to 'l'</description>
            <statistic>1</statistic>
            <statistic>2.27%</statistic>
        </statisticline>
    </statistics>
</dotfuscatorMap>